Workbook

Sheet Inputs
A1: T16 — Target dataset sizes: inputs
A2: Edit the yellow cells (blue text). Everything on the other sheets recalculates.
A3: Parameter | B3: Value | C3: Basis / note
A4: Expected non-distorted share of natural-distribution text | B4: 0.4 | C4: Assumption. Original TherapistQA data is 933/2,530 = 36.9%; rounded to 40% for entrepreneurial text. Revisit after T20 triage.
A5: Target non-distorted items in test set | B5: 100 | C5: T16 brief: ~100 for roughly ±10% CI on specificity.
A6: Number of distortion classes | B6: 10 | C6: Ten distortion types (no_distortion excluded).
A7: Target items per class | B7: 20 | C7: T16 brief: ~20 per class → 200–300 items.
A8: Scrape discard rate (unlabellable / too short / duplicate) | B8: 0.35 | C8: Assumption. Brief gives no figure; 30–40% working range. Replace with the real rate once T18 starts.
A9: Distorted share among kept scraped items | B9: 0.63 | C9: Assumption. Original data is 1,597/2,530 = 63.1% distorted. Raise it if sources are chosen for distortion-rich content.
A10: Seed items per class | B10: 4 | C10: T16 brief: seed data is 'tens, not hundreds'; 3–5 per class.
A11: z-value for confidence interval | B11: 1.96 | C11: 95% confidence, normal approximation.

Sheet Targets
A1: T16 — Target counts (written-down deliverable)
A2: Owner: Lumia · Due Tue 29 Sep · Feeds T17/T18 (Izza), T19/T20 (Lumia), T21 (team)
A3: Component | B3: Source | C3: Task(s) | D3: Split role | E3: Target (items) | F3: How computed | G3: Notes
A4: Evaluation test set (usable form responses) | B4: Form responses | C4: T19, T20 | D4: evaluation | E4: =ROUNDUP(Inputs!B5/Inputs!B4,0) -> 250 | F4: Non-distorted target ÷ expected non-distorted share | G4: Natural distribution, never balanced. Evaluation only — never prompt content or training data.
A5: of which non-distorted | B5: Form responses | C5: T20 | D5: evaluation | E5: =Inputs!B5 -> 100 | F5: Direct from Inputs | G5: Drives the specificity CI (see CI_Check).
A6: Supplementary per-class set (labelled distorted) | B6: Scraped text | C6: T18, T21 | D6: supplementary | E6: =Inputs!B6*Inputs!B7 -> 200 | F6: Classes × items per class | G6: Buys per-class coverage that form responses will not provide.
A7: Scrape: raw rows to collect after dedup (stopping condition) | B7: Scraped text | C7: T17, T18 | D7: supplementary | E7: =ROUNDUP(E6/((1-Inputs!B8)*Inputs!B9),0) -> 489 | F7: Supplementary target ÷ (1 − discard rate) ÷ distorted share | G7: Stop scraping at this number. Keep source ID per row; dedup before splitting.
A8: Seed set (few-shot generation) | B8: Scraped text only | C8: T21 | D8: seed | E8: =Inputs!B6*Inputs!B10 -> 40 | F8: Classes × seed items per class | G8: Never drawn from form responses. Keep out of evaluation.
A10: Done when
A11: ☐ Target counts for test set, seed set and scrape are written down (this sheet).
A12: ☐ Scrape target communicated to Izza (T17/T18 depend on it).
A13: ☐ Split role recorded at compile time in T21, not after labelling.
A15: Note: 'Scrape raw' depends on the discard-rate and distorted-share assumptions on the Inputs sheet; both are guesses until T18 produces real rates.

Sheet CI_Check
A1: Confidence-interval check (95%, ± half-width)
A2: Half-width = z × SQRT(p × (1 − p) / n). Normal approximation; rough for small n or p near 0/1.
A4: A. Specificity (non-distorted items)
A5: n non-distorted | B5: p = 0.5 (worst case) | C5: p = 0.9
A6: 50 | B6: =Inputs!$B$11*SQRT(0.5*(1-0.5)/A6) -> 0.13859293 | C6: =Inputs!$B$11*SQRT(0.9*(1-0.9)/A6) -> 0.083155757
A7: 75 | B7: =Inputs!$B$11*SQRT(0.5*(1-0.5)/A7) -> 0.11316065 | C7: =Inputs!$B$11*SQRT(0.9*(1-0.9)/A7) -> 0.067896392
A8: 100 | B8: =Inputs!$B$11*SQRT(0.5*(1-0.5)/A8) -> 0.098 | C8: =Inputs!$B$11*SQRT(0.9*(1-0.9)/A8) -> 0.0588
A9: 150 | B9: =Inputs!$B$11*SQRT(0.5*(1-0.5)/A9) -> 0.080016665 | C9: =Inputs!$B$11*SQRT(0.9*(1-0.9)/A9) -> 0.048009999
A10: 250 | B10: =Inputs!$B$11*SQRT(0.5*(1-0.5)/A10) -> 0.061980642 | C10: =Inputs!$B$11*SQRT(0.9*(1-0.9)/A10) -> 0.037188385
A13: B. Per-class recall
A14: n per class | B14: p = 0.5 | C14: p = 0.7
A15: 10 | B15: =Inputs!$B$11*SQRT(0.5*(1-0.5)/A15) -> 0.30990321 | C15: =Inputs!$B$11*SQRT(0.7*(1-0.7)/A15) -> 0.28403098
A16: 15 | B16: =Inputs!$B$11*SQRT(0.5*(1-0.5)/A16) -> 0.25303491 | C16: =Inputs!$B$11*SQRT(0.7*(1-0.7)/A16) -> 0.23191033
A17: 20 | B17: =Inputs!$B$11*SQRT(0.5*(1-0.5)/A17) -> 0.21913466 | C17: =Inputs!$B$11*SQRT(0.7*(1-0.7)/A17) -> 0.20084024
A18: 30 | B18: =Inputs!$B$11*SQRT(0.5*(1-0.5)/A18) -> 0.1789227 | C18: =Inputs!$B$11*SQRT(0.7*(1-0.7)/A18) -> 0.16398537
A20: Read: 20 per class is a floor — recall CIs stay wide. Report per-class scores with support counts and a caveat.

Sheet Rules
A1: Standing rules that touch these targets (from TASK_BRIEFS.md)
A3: # | B3: Rule | C3: Why it matters for T16
A4: 1 | B4: Form responses are evaluation only — never prompt content, never training data. | C4: Seed set must come from scraped text, not the form.
A5: 2 | B5: The test set is never balanced; it keeps its natural class distribution. | C5: Test-set size is set by the non-distorted target ÷ natural share.
A6: 3 | B6: Record split role (evaluation / supplementary / seed) at compile time (T21). | C6: Deciding after seeing labels biases the evaluation set.
A7: 4 | B7: De-duplicate scraped text; keep a source ID per row. | C7: A duplicate across splits is leakage; discard rate in Inputs includes dedup loss.
A8: 5 | B8: The ~200 justified-concern pairs (T23) are a separate set. | C8: Do not count them toward the targets on this workbook.
